path,action,moved_to
data\chessred2k_rect_pov\real_ok\g19_m0000_img0002383_bpov.png,keep,
data\chessred2k_rect_pov\real_ok\g19_m0001_img0002384_bpov.png,keep,
data\chessred2k_rect_pov\real_ok\g19_m0000_img0002383_bpov.png,move_top,data\chessred2k_rect_pov\real_top_pov\g19_m0000_img0002383_bpov.png
data\chessred2k_rect_pov\real_ok\g19_m0001_img0002384_bpov.png,move_top,data\chessred2k_rect_pov\real_top_pov\g19_m0001_img0002384_bpov.png
data\chessred2k_rect_pov\real_ok\g19_m0002_img0002385_bpov.png,move_top,data\chessred2k_rect_pov\real_top_pov\g19_m0002_img0002385_bpov.png
data\chessred2k_rect_pov\real_ok\g19_m0005_img0002388_bpov.png,move_top,data\chessred2k_rect_pov\real_top_pov\g19_m0005_img0002388_bpov.png
data\chessred2k_rect_pov\real_ok\g19_m0014_img0002397_bpov.png,keep,
data\chessred2k_rect_pov\real_ok\g19_m0015_img0002398_bpov.png,keep,
data\chessred2k_rect_pov\real_ok\g19_m0017_img0002400_bpov.png,keep,
data\chessred2k_rect_pov\real_ok\g19_m0019_img0002402_bpov.png,keep,
data\chessred2k_rect_pov\real_ok\g19_m0023_img0002406_bpov.png,keep,
data\chessred2k_rect_pov\real_ok\g19_m0026_img0002409_bpov.png,move_top,data\chessred2k_rect_pov\real_top_pov\g19_m0026_img0002409_bpov.png
data\chessred2k_rect_pov\real_ok\g19_m0040_img0002423_bpov.png,move_top,data\chessred2k_rect_pov\real_top_pov\g19_m0040_img0002423_bpov.png
data\chessred2k_rect_pov\real_ok\g19_m0061_img0002444_bpov.png,keep,
data\chessred2k_rect_pov\real_ok\g19_m0070_img0002453_bpov.png,move_top,data\chessred2k_rect_pov\real_top_pov\g19_m0070_img0002453_bpov.png
data\chessred2k_rect_pov\real_ok\g19_m0087_img0002470_bpov.png,keep,
data\chessred2k_rect_pov\real_ok\g19_m0089_img0002472_bpov.png,keep,
data\chessred2k_rect_pov\real_ok\g19_m0091_img0002474_bpov.png,move_top,data\chessred2k_rect_pov\real_top_pov\g19_m0091_img0002474_bpov.png
data\chessred2k_rect_pov\real_ok\g19_m0107_img0002490_bpov.png,move_top,data\chessred2k_rect_pov\real_top_pov\g19_m0107_img0002490_bpov.png
data\chessred2k_rect_pov\real_ok\g22_m0001_img0002709_wpov.png,move_top,data\chessred2k_rect_pov\real_top_pov\g22_m0001_img0002709_wpov.png
data\chessred2k_rect_pov\real_ok\g22_m0003_img0002711_wpov.png,move_top,data\chessred2k_rect_pov\real_top_pov\g22_m0003_img0002711_wpov.png
data\chessred2k_rect_pov\real_ok\g22_m0004_img0002712_wpov.png,move_top,data\chessred2k_rect_pov\real_top_pov\g22_m0004_img0002712_wpov.png
data\chessred2k_rect_pov\real_ok\g22_m0010_img0002718_wpov.png,keep,
data\chessred2k_rect_pov\real_ok\g22_m0012_img0002720_wpov.png,move_top,data\chessred2k_rect_pov\real_top_pov\g22_m0012_img0002720_wpov.png
data\chessred2k_rect_pov\real_ok\g22_m0013_img0002721_wpov.png,keep,
data\chessred2k_rect_pov\real_ok\g22_m0016_img0002724_wpov.png,keep,
data\chessred2k_rect_pov\real_ok\g22_m0019_img0002727_wpov.png,keep,
data\chessred2k_rect_pov\real_ok\g22_m0022_img0002730_wpov.png,keep,
data\chessred2k_rect_pov\real_ok\g22_m0023_img0002731_wpov.png,keep,
data\chessred2k_rect_pov\real_ok\g22_m0030_img0002738_wpov.png,move_top,data\chessred2k_rect_pov\real_top_pov\g22_m0030_img0002738_wpov.png
data\chessred2k_rect_pov\real_ok\g22_m0033_img0002741_wpov.png,keep,
data\chessred2k_rect_pov\real_ok\g22_m0036_img0002744_wpov.png,keep,
data\chessred2k_rect_pov\real_ok\g22_m0038_img0002746_wpov.png,keep,
data\chessred2k_rect_pov\real_ok\g22_m0046_img0002754_wpov.png,move_top,data\chessred2k_rect_pov\real_top_pov\g22_m0046_img0002754_wpov.png
data\chessred2k_rect_pov\real_ok\g22_m0048_img0002756_wpov.png,keep,
data\chessred2k_rect_pov\real_ok\g22_m0067_img0002775_wpov.png,move_top,data\chessred2k_rect_pov\real_top_pov\g22_m0067_img0002775_wpov.png
data\chessred2k_rect_pov\real_ok\g22_m0068_img0002776_wpov.png,move_top,data\chessred2k_rect_pov\real_top_pov\g22_m0068_img0002776_wpov.png
data\chessred2k_rect_pov\real_ok\g22_m0069_img0002777_wpov.png,move_top,data\chessred2k_rect_pov\real_top_pov\g22_m0069_img0002777_wpov.png
data\chessred2k_rect_pov\real_ok\g22_m0072_img0002780_wpov.png,move_top,data\chessred2k_rect_pov\real_top_pov\g22_m0072_img0002780_wpov.png
data\chessred2k_rect_pov\real_ok\g22_m0075_img0002783_wpov.png,move_top,data\chessred2k_rect_pov\real_top_pov\g22_m0075_img0002783_wpov.png
data\chessred2k_rect_pov\real_ok\g22_m0085_img0002793_wpov.png,move_top,data\chessred2k_rect_pov\real_top_pov\g22_m0085_img0002793_wpov.png
data\chessred2k_rect_pov\real_ok\g22_m0090_img0002798_wpov.png,keep,
data\chessred2k_rect_pov\real_ok\g22_m0093_img0002801_wpov.png,keep,
data\chessred2k_rect_pov\real_ok\g22_m0095_img0002803_wpov.png,keep,
data\chessred2k_rect_pov\real_ok\g22_m0096_img0002804_wpov.png,keep,
data\chessred2k_rect_pov\real_ok\g22_m0098_img0002806_wpov.png,keep,
data\chessred2k_rect_pov\real_ok\g22_m0101_img0002809_wpov.png,keep,
data\chessred2k_rect_pov\real_ok\g28_m0001_img0003371_wpov.png,keep,
data\chessred2k_rect_pov\real_ok\g28_m0002_img0003372_wpov.png,move_top,data\chessred2k_rect_pov\real_top_pov\g28_m0002_img0003372_wpov.png
data\chessred2k_rect_pov\real_ok\g28_m0009_img0003379_wpov.png,move_top,data\chessred2k_rect_pov\real_top_pov\g28_m0009_img0003379_wpov.png
data\chessred2k_rect_pov\real_ok\g28_m0010_img0003380_wpov.png,keep,
data\chessred2k_rect_pov\real_ok\g28_m0017_img0003387_wpov.png,keep,
data\chessred2k_rect_pov\real_ok\g28_m0021_img0003391_wpov.png,move_top,data\chessred2k_rect_pov\real_top_pov\g28_m0021_img0003391_wpov.png
data\chessred2k_rect_pov\real_ok\g28_m0022_img0003392_wpov.png,keep,
data\chessred2k_rect_pov\real_ok\g28_m0025_img0003395_wpov.png,keep,
data\chessred2k_rect_pov\real_ok\g28_m0029_img0003399_wpov.png,move_top,data\chessred2k_rect_pov\real_top_pov\g28_m0029_img0003399_wpov.png
data\chessred2k_rect_pov\real_ok\g28_m0038_img0003408_wpov.png,move_top,data\chessred2k_rect_pov\real_top_pov\g28_m0038_img0003408_wpov.png
data\chessred2k_rect_pov\real_ok\g28_m0039_img0003409_wpov.png,keep,
data\chessred2k_rect_pov\real_ok\g28_m0040_img0003410_wpov.png,keep,
data\chessred2k_rect_pov\real_ok\g28_m0062_img0003432_wpov.png,move_top,data\chessred2k_rect_pov\real_top_pov\g28_m0062_img0003432_wpov.png
data\chessred2k_rect_pov\real_ok\g28_m0063_img0003433_wpov.png,keep,
data\chessred2k_rect_pov\real_ok\g28_m0066_img0003436_wpov.png,move_top,data\chessred2k_rect_pov\real_top_pov\g28_m0066_img0003436_wpov.png
data\chessred2k_rect_pov\real_ok\g28_m0067_img0003437_wpov.png,move_top,data\chessred2k_rect_pov\real_top_pov\g28_m0067_img0003437_wpov.png
data\chessred2k_rect_pov\real_ok\g28_m0075_img0003445_wpov.png,move_top,data\chessred2k_rect_pov\real_top_pov\g28_m0075_img0003445_wpov.png
data\chessred2k_rect_pov\real_ok\g28_m0089_img0003459_wpov.png,move_top,data\chessred2k_rect_pov\real_top_pov\g28_m0089_img0003459_wpov.png
data\chessred2k_rect_pov\real_ok\g28_m0090_img0003460_wpov.png,move_top,data\chessred2k_rect_pov\real_top_pov\g28_m0090_img0003460_wpov.png
data\chessred2k_rect_pov\real_ok\g28_m0093_img0003463_wpov.png,keep,
data\chessred2k_rect_pov\real_ok\g28_m0094_img0003464_wpov.png,move_top,data\chessred2k_rect_pov\real_top_pov\g28_m0094_img0003464_wpov.png
data\chessred2k_rect_pov\real_ok\g28_m0096_img0003466_wpov.png,move_top,data\chessred2k_rect_pov\real_top_pov\g28_m0096_img0003466_wpov.png
data\chessred2k_rect_pov\real_ok\g28_m0099_img0003469_wpov.png,keep,
data\chessred2k_rect_pov\real_ok\g38_m0000_img0004431_wpov.png,keep,
data\chessred2k_rect_pov\real_ok\g38_m0011_img0004442_wpov.png,keep,
data\chessred2k_rect_pov\real_ok\g38_m0019_img0004450_wpov.png,keep,
data\chessred2k_rect_pov\real_ok\g38_m0020_img0004451_wpov.png,keep,
data\chessred2k_rect_pov\real_ok\g38_m0022_img0004453_wpov.png,keep,
data\chessred2k_rect_pov\real_ok\g38_m0023_img0004454_wpov.png,keep,
data\chessred2k_rect_pov\real_ok\g38_m0026_img0004457_wpov.png,keep,
data\chessred2k_rect_pov\real_ok\g38_m0028_img0004459_wpov.png,keep,
data\chessred2k_rect_pov\real_ok\g38_m0029_img0004460_wpov.png,keep,
data\chessred2k_rect_pov\real_ok\g38_m0032_img0004463_wpov.png,move_top,data\chessred2k_rect_pov\real_top_pov\g38_m0032_img0004463_wpov.png
data\chessred2k_rect_pov\real_ok\g38_m0033_img0004464_wpov.png,keep,
data\chessred2k_rect_pov\real_ok\g38_m0035_img0004466_wpov.png,keep,
data\chessred2k_rect_pov\real_ok\g38_m0037_img0004468_wpov.png,keep,
data\chessred2k_rect_pov\real_ok\g38_m0038_img0004469_wpov.png,keep,
data\chessred2k_rect_pov\real_ok\g38_m0039_img0004470_wpov.png,keep,
data\chessred2k_rect_pov\real_ok\g38_m0040_img0004471_wpov.png,keep,
data\chessred2k_rect_pov\real_ok\g38_m0041_img0004472_wpov.png,keep,
data\chessred2k_rect_pov\real_ok\g38_m0043_img0004474_wpov.png,keep,
data\chessred2k_rect_pov\real_ok\g38_m0044_img0004475_wpov.png,keep,
data\chessred2k_rect_pov\real_ok\g38_m0045_img0004476_wpov.png,keep,
data\chessred2k_rect_pov\real_ok\g38_m0047_img0004478_wpov.png,keep,
data\chessred2k_rect_pov\real_ok\g38_m0048_img0004479_wpov.png,keep,
data\chessred2k_rect_pov\real_ok\g38_m0049_img0004480_wpov.png,keep,
data\chessred2k_rect_pov\real_ok\g38_m0050_img0004481_wpov.png,keep,
data\chessred2k_rect_pov\real_ok\g38_m0052_img0004483_wpov.png,keep,
data\chessred2k_rect_pov\real_ok\g38_m0054_img0004485_wpov.png,keep,
data\chessred2k_rect_pov\real_ok\g38_m0055_img0004486_wpov.png,move_top,data\chessred2k_rect_pov\real_top_pov\g38_m0055_img0004486_wpov.png
data\chessred2k_rect_pov\real_ok\g38_m0056_img0004487_wpov.png,keep,
data\chessred2k_rect_pov\real_ok\g38_m0058_img0004489_wpov.png,keep,
data\chessred2k_rect_pov\real_ok\g38_m0059_img0004490_wpov.png,move_top,data\chessred2k_rect_pov\real_top_pov\g38_m0059_img0004490_wpov.png
data\chessred2k_rect_pov\real_ok\g38_m0060_img0004491_wpov.png,move_top,data\chessred2k_rect_pov\real_top_pov\g38_m0060_img0004491_wpov.png
data\chessred2k_rect_pov\real_ok\g38_m0062_img0004493_wpov.png,keep,
data\chessred2k_rect_pov\real_ok\g38_m0065_img0004496_wpov.png,keep,
data\chessred2k_rect_pov\real_ok\g38_m0067_img0004498_wpov.png,move_top,data\chessred2k_rect_pov\real_top_pov\g38_m0067_img0004498_wpov.png
data\chessred2k_rect_pov\real_ok\g38_m0072_img0004503_wpov.png,keep,
data\chessred2k_rect_pov\real_ok\g38_m0074_img0004505_wpov.png,keep,
data\chessred2k_rect_pov\real_ok\g38_m0076_img0004507_wpov.png,move_top,data\chessred2k_rect_pov\real_top_pov\g38_m0076_img0004507_wpov.png
data\chessred2k_rect_pov\real_ok\g38_m0078_img0004509_wpov.png,keep,
data\chessred2k_rect_pov\real_ok\g38_m0081_img0004512_wpov.png,keep,
data\chessred2k_rect_pov\real_ok\g38_m0082_img0004513_wpov.png,keep,
data\chessred2k_rect_pov\real_ok\g38_m0083_img0004514_wpov.png,keep,
data\chessred2k_rect_pov\real_ok\g38_m0085_img0004516_wpov.png,keep,
data\chessred2k_rect_pov\real_ok\g38_m0087_img0004518_wpov.png,move_top,data\chessred2k_rect_pov\real_top_pov\g38_m0087_img0004518_wpov.png
data\chessred2k_rect_pov\real_ok\g38_m0088_img0004519_wpov.png,move_top,data\chessred2k_rect_pov\real_top_pov\g38_m0088_img0004519_wpov.png
data\chessred2k_rect_pov\real_ok\g38_m0091_img0004522_wpov.png,move_top,data\chessred2k_rect_pov\real_top_pov\g38_m0091_img0004522_wpov.png
data\chessred2k_rect_pov\real_ok\g38_m0093_img0004524_wpov.png,move_top,data\chessred2k_rect_pov\real_top_pov\g38_m0093_img0004524_wpov.png
data\chessred2k_rect_pov\real_ok\g38_m0094_img0004525_wpov.png,keep,
data\chessred2k_rect_pov\real_ok\g38_m0096_img0004527_wpov.png,keep,
data\chessred2k_rect_pov\real_ok\g38_m0097_img0004528_wpov.png,keep,
data\chessred2k_rect_pov\real_ok\g38_m0098_img0004529_wpov.png,keep,
data\chessred2k_rect_pov\real_ok\g38_m0101_img0004532_wpov.png,move_top,data\chessred2k_rect_pov\real_top_pov\g38_m0101_img0004532_wpov.png
data\chessred2k_rect_pov\real_ok\g38_m0103_img0004534_wpov.png,keep,
data\chessred2k_rect_pov\real_ok\g38_m0105_img0004536_wpov.png,keep,
data\chessred2k_rect_pov\real_ok\g41_m0000_img0004758_bpov.png,move_top,data\chessred2k_rect_pov\real_top_pov\g41_m0000_img0004758_bpov.png
data\chessred2k_rect_pov\real_ok\g41_m0001_img0004759_bpov.png,keep,
data\chessred2k_rect_pov\real_ok\g41_m0002_img0004760_bpov.png,keep,
data\chessred2k_rect_pov\real_ok\g41_m0005_img0004763_bpov.png,move_top,data\chessred2k_rect_pov\real_top_pov\g41_m0005_img0004763_bpov.png
data\chessred2k_rect_pov\real_ok\g41_m0008_img0004766_bpov.png,move_top,data\chessred2k_rect_pov\real_top_pov\g41_m0008_img0004766_bpov.png
data\chessred2k_rect_pov\real_ok\g41_m0011_img0004769_bpov.png,keep,
data\chessred2k_rect_pov\real_ok\g41_m0012_img0004770_bpov.png,keep,
data\chessred2k_rect_pov\real_ok\g41_m0013_img0004771_bpov.png,keep,
data\chessred2k_rect_pov\real_ok\g41_m0014_img0004772_bpov.png,keep,
data\chessred2k_rect_pov\real_ok\g41_m0015_img0004773_bpov.png,keep,
data\chessred2k_rect_pov\real_ok\g41_m0016_img0004774_bpov.png,keep,
data\chessred2k_rect_pov\real_ok\g41_m0022_img0004780_bpov.png,keep,
data\chessred2k_rect_pov\real_ok\g41_m0023_img0004781_bpov.png,keep,
data\chessred2k_rect_pov\real_ok\g41_m0024_img0004782_bpov.png,keep,
data\chessred2k_rect_pov\real_ok\g41_m0027_img0004785_bpov.png,keep,
data\chessred2k_rect_pov\real_ok\g41_m0029_img0004787_bpov.png,keep,
data\chessred2k_rect_pov\real_ok\g41_m0030_img0004788_bpov.png,keep,
data\chessred2k_rect_pov\real_ok\g41_m0032_img0004790_bpov.png,keep,
data\chessred2k_rect_pov\real_ok\g41_m0034_img0004792_bpov.png,keep,
data\chessred2k_rect_pov\real_ok\g41_m0037_img0004795_bpov.png,keep,
data\chessred2k_rect_pov\real_ok\g41_m0039_img0004797_bpov.png,move_top,data\chessred2k_rect_pov\real_top_pov\g41_m0039_img0004797_bpov.png
data\chessred2k_rect_pov\real_ok\g41_m0042_img0004800_bpov.png,keep,
data\chessred2k_rect_pov\real_ok\g41_m0045_img0004803_bpov.png,keep,
data\chessred2k_rect_pov\real_ok\g41_m0047_img0004805_bpov.png,keep,
data\chessred2k_rect_pov\real_ok\g41_m0048_img0004806_bpov.png,keep,
data\chessred2k_rect_pov\real_ok\g41_m0051_img0004809_bpov.png,move_top,data\chessred2k_rect_pov\real_top_pov\g41_m0051_img0004809_bpov.png
data\chessred2k_rect_pov\real_ok\g41_m0052_img0004810_bpov.png,keep,
data\chessred2k_rect_pov\real_ok\g41_m0055_img0004813_bpov.png,keep,
data\chessred2k_rect_pov\real_ok\g41_m0056_img0004814_bpov.png,keep,
data\chessred2k_rect_pov\real_ok\g41_m0057_img0004815_bpov.png,move_top,data\chessred2k_rect_pov\real_top_pov\g41_m0057_img0004815_bpov.png
data\chessred2k_rect_pov\real_ok\g41_m0060_img0004818_bpov.png,keep,
data\chessred2k_rect_pov\real_ok\g41_m0061_img0004819_bpov.png,keep,
data\chessred2k_rect_pov\real_ok\g41_m0062_img0004820_bpov.png,keep,
data\chessred2k_rect_pov\real_ok\g41_m0064_img0004822_bpov.png,keep,
data\chessred2k_rect_pov\real_ok\g41_m0065_img0004823_bpov.png,keep,
data\chessred2k_rect_pov\real_ok\g41_m0066_img0004824_bpov.png,move_top,data\chessred2k_rect_pov\real_top_pov\g41_m0066_img0004824_bpov.png
data\chessred2k_rect_pov\real_ok\g41_m0070_img0004828_bpov.png,move_top,data\chessred2k_rect_pov\real_top_pov\g41_m0070_img0004828_bpov.png
data\chessred2k_rect_pov\real_ok\g41_m0073_img0004831_bpov.png,keep,
data\chessred2k_rect_pov\real_ok\g41_m0074_img0004832_bpov.png,keep,
data\chessred2k_rect_pov\real_ok\g41_m0075_img0004833_bpov.png,keep,
data\chessred2k_rect_pov\real_ok\g41_m0076_img0004834_bpov.png,keep,
data\chessred2k_rect_pov\real_ok\g41_m0078_img0004836_bpov.png,keep,
data\chessred2k_rect_pov\real_ok\g41_m0079_img0004837_bpov.png,keep,
data\chessred2k_rect_pov\real_ok\g41_m0081_img0004839_bpov.png,move_top,data\chessred2k_rect_pov\real_top_pov\g41_m0081_img0004839_bpov.png
data\chessred2k_rect_pov\real_ok\g41_m0086_img0004844_bpov.png,keep,
data\chessred2k_rect_pov\real_ok\g41_m0089_img0004847_bpov.png,move_top,data\chessred2k_rect_pov\real_top_pov\g41_m0089_img0004847_bpov.png
data\chessred2k_rect_pov\real_ok\g41_m0090_img0004848_bpov.png,keep,
data\chessred2k_rect_pov\real_ok\g41_m0091_img0004849_bpov.png,keep,
data\chessred2k_rect_pov\real_ok\g41_m0097_img0004855_bpov.png,keep,
data\chessred2k_rect_pov\real_ok\g41_m0098_img0004856_bpov.png,keep,
data\chessred2k_rect_pov\real_ok\g41_m0101_img0004859_bpov.png,keep,
data\chessred2k_rect_pov\real_ok\g42_m0000_img0004860_wpov.png,move_top,data\chessred2k_rect_pov\real_top_pov\g42_m0000_img0004860_wpov.png
data\chessred2k_rect_pov\real_ok\g42_m0006_img0004866_wpov.png,move_top,data\chessred2k_rect_pov\real_top_pov\g42_m0006_img0004866_wpov.png
data\chessred2k_rect_pov\real_ok\g42_m0015_img0004875_wpov.png,move_top,data\chessred2k_rect_pov\real_top_pov\g42_m0015_img0004875_wpov.png
data\chessred2k_rect_pov\real_ok\g42_m0017_img0004877_wpov.png,move_top,data\chessred2k_rect_pov\real_top_pov\g42_m0017_img0004877_wpov.png
data\chessred2k_rect_pov\real_ok\g42_m0019_img0004879_wpov.png,move_top,data\chessred2k_rect_pov\real_top_pov\g42_m0019_img0004879_wpov.png
data\chessred2k_rect_pov\real_ok\g42_m0024_img0004884_wpov.png,keep,
data\chessred2k_rect_pov\real_ok\g42_m0026_img0004886_wpov.png,move_top,data\chessred2k_rect_pov\real_top_pov\g42_m0026_img0004886_wpov.png
data\chessred2k_rect_pov\real_ok\g42_m0028_img0004888_wpov.png,keep,
data\chessred2k_rect_pov\real_ok\g42_m0030_img0004890_wpov.png,move_top,data\chessred2k_rect_pov\real_top_pov\g42_m0030_img0004890_wpov.png
data\chessred2k_rect_pov\real_ok\g42_m0033_img0004893_wpov.png,keep,
data\chessred2k_rect_pov\real_ok\g42_m0034_img0004894_wpov.png,keep,
data\chessred2k_rect_pov\real_ok\g42_m0035_img0004895_wpov.png,keep,
data\chessred2k_rect_pov\real_ok\g42_m0036_img0004896_wpov.png,keep,
data\chessred2k_rect_pov\real_ok\g42_m0038_img0004898_wpov.png,keep,
data\chessred2k_rect_pov\real_ok\g42_m0041_img0004901_wpov.png,keep,
data\chessred2k_rect_pov\real_ok\g42_m0044_img0004904_wpov.png,keep,
data\chessred2k_rect_pov\real_ok\g42_m0046_img0004906_wpov.png,keep,
data\chessred2k_rect_pov\real_ok\g42_m0049_img0004909_wpov.png,keep,
data\chessred2k_rect_pov\real_ok\g42_m0052_img0004912_wpov.png,move_top,data\chessred2k_rect_pov\real_top_pov\g42_m0052_img0004912_wpov.png
data\chessred2k_rect_pov\real_ok\g42_m0053_img0004913_wpov.png,keep,
data\chessred2k_rect_pov\real_ok\g42_m0055_img0004915_wpov.png,keep,
data\chessred2k_rect_pov\real_ok\g42_m0057_img0004917_wpov.png,move_top,data\chessred2k_rect_pov\real_top_pov\g42_m0057_img0004917_wpov.png
data\chessred2k_rect_pov\real_ok\g42_m0062_img0004922_wpov.png,keep,
data\chessred2k_rect_pov\real_ok\g42_m0064_img0004924_wpov.png,keep,
data\chessred2k_rect_pov\real_ok\g42_m0065_img0004925_wpov.png,keep,
data\chessred2k_rect_pov\real_ok\g42_m0066_img0004926_wpov.png,keep,
data\chessred2k_rect_pov\real_ok\g42_m0067_img0004927_wpov.png,keep,
data\chessred2k_rect_pov\real_ok\g42_m0069_img0004929_wpov.png,keep,
data\chessred2k_rect_pov\real_ok\g42_m0070_img0004930_wpov.png,keep,
data\chessred2k_rect_pov\real_ok\g42_m0071_img0004931_wpov.png,keep,
data\chessred2k_rect_pov\real_ok\g42_m0072_img0004932_wpov.png,keep,
data\chessred2k_rect_pov\real_ok\g42_m0074_img0004934_wpov.png,keep,
data\chessred2k_rect_pov\real_ok\g42_m0081_img0004941_wpov.png,keep,
data\chessred2k_rect_pov\real_ok\g42_m0082_img0004942_wpov.png,move_top,data\chessred2k_rect_pov\real_top_pov\g42_m0082_img0004942_wpov.png
data\chessred2k_rect_pov\real_ok\g42_m0086_img0004946_wpov.png,move_top,data\chessred2k_rect_pov\real_top_pov\g42_m0086_img0004946_wpov.png
data\chessred2k_rect_pov\real_ok\g42_m0087_img0004947_wpov.png,keep,
data\chessred2k_rect_pov\real_ok\g56_m0004_img0006341_wpov.png,keep,
data\chessred2k_rect_pov\real_ok\g56_m0006_img0006343_wpov.png,move_top,data\chessred2k_rect_pov\real_top_pov\g56_m0006_img0006343_wpov.png
data\chessred2k_rect_pov\real_ok\g56_m0009_img0006346_wpov.png,keep,
data\chessred2k_rect_pov\real_ok\g56_m0010_img0006347_wpov.png,keep,
data\chessred2k_rect_pov\real_ok\g56_m0011_img0006348_wpov.png,keep,
data\chessred2k_rect_pov\real_ok\g56_m0013_img0006350_wpov.png,keep,
data\chessred2k_rect_pov\real_ok\g56_m0016_img0006353_wpov.png,keep,
data\chessred2k_rect_pov\real_ok\g56_m0017_img0006354_wpov.png,keep,
data\chessred2k_rect_pov\real_ok\g56_m0020_img0006357_wpov.png,keep,
data\chessred2k_rect_pov\real_ok\g56_m0021_img0006358_wpov.png,move_top,data\chessred2k_rect_pov\real_top_pov\g56_m0021_img0006358_wpov.png
data\chessred2k_rect_pov\real_ok\g56_m0023_img0006360_wpov.png,move_top,data\chessred2k_rect_pov\real_top_pov\g56_m0023_img0006360_wpov.png
data\chessred2k_rect_pov\real_ok\g56_m0026_img0006363_wpov.png,keep,
data\chessred2k_rect_pov\real_ok\g56_m0027_img0006364_wpov.png,keep,
data\chessred2k_rect_pov\real_ok\g56_m0028_img0006365_wpov.png,keep,
data\chessred2k_rect_pov\real_ok\g56_m0030_img0006367_wpov.png,keep,
data\chessred2k_rect_pov\real_ok\g56_m0031_img0006368_wpov.png,keep,
data\chessred2k_rect_pov\real_ok\g56_m0032_img0006369_wpov.png,keep,
data\chessred2k_rect_pov\real_ok\g56_m0035_img0006372_wpov.png,move_top,data\chessred2k_rect_pov\real_top_pov\g56_m0035_img0006372_wpov.png
data\chessred2k_rect_pov\real_ok\g56_m0037_img0006374_wpov.png,keep,
data\chessred2k_rect_pov\real_ok\g56_m0038_img0006375_wpov.png,keep,
data\chessred2k_rect_pov\real_ok\g56_m0039_img0006376_wpov.png,move_top,data\chessred2k_rect_pov\real_top_pov\g56_m0039_img0006376_wpov.png
data\chessred2k_rect_pov\real_ok\g56_m0041_img0006378_wpov.png,move_top,data\chessred2k_rect_pov\real_top_pov\g56_m0041_img0006378_wpov.png
data\chessred2k_rect_pov\real_ok\g56_m0045_img0006382_wpov.png,keep,
data\chessred2k_rect_pov\real_ok\g56_m0046_img0006383_wpov.png,keep,
data\chessred2k_rect_pov\real_ok\g56_m0048_img0006385_wpov.png,keep,
data\chessred2k_rect_pov\real_ok\g56_m0051_img0006388_wpov.png,keep,
data\chessred2k_rect_pov\real_ok\g56_m0052_img0006389_wpov.png,keep,
data\chessred2k_rect_pov\real_ok\g56_m0056_img0006393_wpov.png,keep,
data\chessred2k_rect_pov\real_ok\g56_m0057_img0006394_wpov.png,keep,
data\chessred2k_rect_pov\real_ok\g56_m0058_img0006395_wpov.png,keep,
data\chessred2k_rect_pov\real_ok\g56_m0063_img0006400_wpov.png,keep,
data\chessred2k_rect_pov\real_ok\g56_m0066_img0006403_wpov.png,keep,
data\chessred2k_rect_pov\real_ok\g56_m0067_img0006404_wpov.png,keep,
data\chessred2k_rect_pov\real_ok\g56_m0069_img0006406_wpov.png,move_top,data\chessred2k_rect_pov\real_top_pov\g56_m0069_img0006406_wpov.png
data\chessred2k_rect_pov\real_ok\g56_m0071_img0006408_wpov.png,keep,
data\chessred2k_rect_pov\real_ok\g56_m0073_img0006410_wpov.png,keep,
data\chessred2k_rect_pov\real_ok\g56_m0076_img0006413_wpov.png,keep,
data\chessred2k_rect_pov\real_ok\g56_m0077_img0006414_wpov.png,keep,
data\chessred2k_rect_pov\real_ok\g56_m0078_img0006415_wpov.png,keep,
data\chessred2k_rect_pov\real_ok\g56_m0079_img0006416_wpov.png,keep,
data\chessred2k_rect_pov\real_ok\g56_m0082_img0006419_wpov.png,keep,
data\chessred2k_rect_pov\real_ok\g56_m0083_img0006420_wpov.png,keep,
data\chessred2k_rect_pov\real_ok\g56_m0085_img0006422_wpov.png,keep,
data\chessred2k_rect_pov\real_ok\g56_m0087_img0006424_wpov.png,keep,
data\chessred2k_rect_pov\real_ok\g56_m0089_img0006426_wpov.png,keep,
data\chessred2k_rect_pov\real_ok\g56_m0090_img0006427_wpov.png,keep,
data\chessred2k_rect_pov\real_ok\g56_m0093_img0006430_wpov.png,keep,
data\chessred2k_rect_pov\real_ok\g56_m0094_img0006431_wpov.png,keep,
data\chessred2k_rect_pov\real_ok\g56_m0095_img0006432_wpov.png,keep,
data\chessred2k_rect_pov\real_ok\g56_m0096_img0006433_wpov.png,move_top,data\chessred2k_rect_pov\real_top_pov\g56_m0096_img0006433_wpov.png
data\chessred2k_rect_pov\real_ok\g56_m0097_img0006434_wpov.png,keep,
data\chessred2k_rect_pov\real_ok\g56_m0099_img0006436_wpov.png,move_top,data\chessred2k_rect_pov\real_top_pov\g56_m0099_img0006436_wpov.png
data\chessred2k_rect_pov\real_ok\g56_m0100_img0006437_wpov.png,keep,
data\chessred2k_rect_pov\real_ok\g56_m0101_img0006438_wpov.png,keep,
data\chessred2k_rect_pov\real_ok\g56_m0103_img0006440_wpov.png,keep,
data\chessred2k_rect_pov\real_ok\g61_m0000_img0006850_bpov.png,move_top,data\chessred2k_rect_pov\real_top_pov\g61_m0000_img0006850_bpov.png
data\chessred2k_rect_pov\real_ok\g61_m0005_img0006855_bpov.png,keep,
data\chessred2k_rect_pov\real_ok\g61_m0006_img0006856_bpov.png,move_top,data\chessred2k_rect_pov\real_top_pov\g61_m0006_img0006856_bpov.png
data\chessred2k_rect_pov\real_ok\g61_m0007_img0006857_bpov.png,keep,
data\chessred2k_rect_pov\real_ok\g61_m0008_img0006858_bpov.png,keep,
data\chessred2k_rect_pov\real_ok\g61_m0009_img0006859_bpov.png,keep,
data\chessred2k_rect_pov\real_ok\g61_m0011_img0006861_bpov.png,move_top,data\chessred2k_rect_pov\real_top_pov\g61_m0011_img0006861_bpov.png
data\chessred2k_rect_pov\real_ok\g61_m0014_img0006864_bpov.png,keep,
data\chessred2k_rect_pov\real_ok\g61_m0015_img0006865_bpov.png,keep,
data\chessred2k_rect_pov\real_ok\g61_m0016_img0006866_bpov.png,keep,
data\chessred2k_rect_pov\real_ok\g61_m0017_img0006867_bpov.png,keep,
data\chessred2k_rect_pov\real_ok\g61_m0019_img0006869_bpov.png,keep,
data\chessred2k_rect_pov\real_ok\g61_m0021_img0006871_bpov.png,keep,
data\chessred2k_rect_pov\real_ok\g61_m0023_img0006873_bpov.png,move_top,data\chessred2k_rect_pov\real_top_pov\g61_m0023_img0006873_bpov.png
data\chessred2k_rect_pov\real_ok\g61_m0027_img0006877_bpov.png,keep,
data\chessred2k_rect_pov\real_ok\g61_m0029_img0006879_bpov.png,keep,
data\chessred2k_rect_pov\real_ok\g61_m0030_img0006880_bpov.png,keep,
data\chessred2k_rect_pov\real_ok\g61_m0034_img0006884_bpov.png,keep,
data\chessred2k_rect_pov\real_ok\g61_m0036_img0006886_bpov.png,move_top,data\chessred2k_rect_pov\real_top_pov\g61_m0036_img0006886_bpov.png
data\chessred2k_rect_pov\real_ok\g61_m0039_img0006889_bpov.png,move_top,data\chessred2k_rect_pov\real_top_pov\g61_m0039_img0006889_bpov.png
data\chessred2k_rect_pov\real_ok\g61_m0059_img0006909_bpov.png,move_top,data\chessred2k_rect_pov\real_top_pov\g61_m0059_img0006909_bpov.png
data\chessred2k_rect_pov\real_ok\g61_m0061_img0006911_bpov.png,keep,
data\chessred2k_rect_pov\real_ok\g61_m0062_img0006912_bpov.png,keep,
data\chessred2k_rect_pov\real_ok\g61_m0063_img0006913_bpov.png,keep,
data\chessred2k_rect_pov\real_ok\g61_m0065_img0006915_bpov.png,keep,
data\chessred2k_rect_pov\real_ok\g61_m0068_img0006918_bpov.png,keep,
data\chessred2k_rect_pov\real_ok\g61_m0069_img0006919_bpov.png,keep,
data\chessred2k_rect_pov\real_ok\g61_m0070_img0006920_bpov.png,keep,
data\chessred2k_rect_pov\real_ok\g61_m0074_img0006924_bpov.png,keep,
data\chessred2k_rect_pov\real_ok\g61_m0075_img0006925_bpov.png,keep,
data\chessred2k_rect_pov\real_ok\g61_m0077_img0006927_bpov.png,keep,
data\chessred2k_rect_pov\real_ok\g61_m0078_img0006928_bpov.png,keep,
data\chessred2k_rect_pov\real_ok\g61_m0079_img0006929_bpov.png,keep,
data\chessred2k_rect_pov\real_ok\g61_m0080_img0006930_bpov.png,move_top,data\chessred2k_rect_pov\real_top_pov\g61_m0080_img0006930_bpov.png
data\chessred2k_rect_pov\real_ok\g61_m0082_img0006932_bpov.png,move_top,data\chessred2k_rect_pov\real_top_pov\g61_m0082_img0006932_bpov.png
data\chessred2k_rect_pov\real_ok\g61_m0083_img0006933_bpov.png,keep,
data\chessred2k_rect_pov\real_ok\g61_m0084_img0006934_bpov.png,move_top,data\chessred2k_rect_pov\real_top_pov\g61_m0084_img0006934_bpov.png
data\chessred2k_rect_pov\real_ok\g61_m0086_img0006936_bpov.png,keep,
data\chessred2k_rect_pov\real_ok\g61_m0089_img0006939_bpov.png,keep,
data\chessred2k_rect_pov\real_ok\g61_m0091_img0006941_bpov.png,move_top,data\chessred2k_rect_pov\real_top_pov\g61_m0091_img0006941_bpov.png
data\chessred2k_rect_pov\real_ok\g61_m0095_img0006945_bpov.png,keep,
data\chessred2k_rect_pov\real_ok\g61_m0098_img0006948_bpov.png,keep,
data\chessred2k_rect_pov\real_ok\g61_m0100_img0006950_bpov.png,keep,
data\chessred2k_rect_pov\real_ok\g61_m0102_img0006952_bpov.png,keep,
data\chessred2k_rect_pov\real_ok\g72_m0001_img0007967_wpov.png,keep,
data\chessred2k_rect_pov\real_ok\g72_m0005_img0007971_wpov.png,keep,
data\chessred2k_rect_pov\real_ok\g72_m0006_img0007972_wpov.png,keep,
data\chessred2k_rect_pov\real_ok\g72_m0007_img0007973_wpov.png,keep,
data\chessred2k_rect_pov\real_ok\g72_m0008_img0007974_wpov.png,keep,
data\chessred2k_rect_pov\real_ok\g72_m0010_img0007976_wpov.png,keep,
data\chessred2k_rect_pov\real_ok\g72_m0011_img0007977_wpov.png,keep,
data\chessred2k_rect_pov\real_ok\g72_m0014_img0007980_wpov.png,keep,
data\chessred2k_rect_pov\real_ok\g72_m0017_img0007983_wpov.png,keep,
data\chessred2k_rect_pov\real_ok\g72_m0020_img0007986_wpov.png,keep,
data\chessred2k_rect_pov\real_ok\g72_m0022_img0007988_wpov.png,keep,
data\chessred2k_rect_pov\real_ok\g72_m0023_img0007989_wpov.png,keep,
data\chessred2k_rect_pov\real_ok\g72_m0026_img0007992_wpov.png,keep,
data\chessred2k_rect_pov\real_ok\g72_m0027_img0007993_wpov.png,keep,
data\chessred2k_rect_pov\real_ok\g72_m0028_img0007994_wpov.png,keep,
data\chessred2k_rect_pov\real_ok\g72_m0029_img0007995_wpov.png,keep,
data\chessred2k_rect_pov\real_ok\g72_m0032_img0007998_wpov.png,move_top,data\chessred2k_rect_pov\real_top_pov\g72_m0032_img0007998_wpov.png
data\chessred2k_rect_pov\real_ok\g72_m0033_img0007999_wpov.png,move_top,data\chessred2k_rect_pov\real_top_pov\g72_m0033_img0007999_wpov.png
data\chessred2k_rect_pov\real_ok\g72_m0034_img0008000_wpov.png,keep,
data\chessred2k_rect_pov\real_ok\g72_m0035_img0008001_wpov.png,keep,
data\chessred2k_rect_pov\real_ok\g72_m0036_img0008002_wpov.png,keep,
data\chessred2k_rect_pov\real_ok\g72_m0039_img0008005_wpov.png,keep,
data\chessred2k_rect_pov\real_ok\g72_m0040_img0008006_wpov.png,move_top,data\chessred2k_rect_pov\real_top_pov\g72_m0040_img0008006_wpov.png
data\chessred2k_rect_pov\real_ok\g72_m0041_img0008007_wpov.png,keep,
data\chessred2k_rect_pov\real_ok\g72_m0042_img0008008_wpov.png,keep,
data\chessred2k_rect_pov\real_ok\g72_m0043_img0008009_wpov.png,keep,
data\chessred2k_rect_pov\real_ok\g72_m0045_img0008011_wpov.png,keep,
data\chessred2k_rect_pov\real_ok\g72_m0046_img0008012_wpov.png,keep,
data\chessred2k_rect_pov\real_ok\g72_m0048_img0008014_wpov.png,keep,
data\chessred2k_rect_pov\real_ok\g72_m0049_img0008015_wpov.png,keep,
data\chessred2k_rect_pov\real_ok\g72_m0051_img0008017_wpov.png,keep,
data\chessred2k_rect_pov\real_ok\g72_m0052_img0008018_wpov.png,keep,
data\chessred2k_rect_pov\real_ok\g72_m0056_img0008022_wpov.png,keep,
data\chessred2k_rect_pov\real_ok\g72_m0058_img0008024_wpov.png,keep,
data\chessred2k_rect_pov\real_ok\g72_m0060_img0008026_wpov.png,keep,
data\chessred2k_rect_pov\real_ok\g72_m0062_img0008028_wpov.png,keep,
data\chessred2k_rect_pov\real_ok\g72_m0064_img0008030_wpov.png,keep,
data\chessred2k_rect_pov\real_ok\g72_m0066_img0008032_wpov.png,keep,
data\chessred2k_rect_pov\real_ok\g72_m0068_img0008034_wpov.png,keep,
data\chessred2k_rect_pov\real_ok\g72_m0069_img0008035_wpov.png,keep,
data\chessred2k_rect_pov\real_ok\g72_m0071_img0008037_wpov.png,keep,
data\chessred2k_rect_pov\real_ok\g72_m0077_img0008043_wpov.png,keep,
data\chessred2k_rect_pov\real_ok\g72_m0080_img0008046_wpov.png,keep,
data\chessred2k_rect_pov\real_ok\g72_m0087_img0008053_wpov.png,keep,
data\chessred2k_rect_pov\real_ok\g78_m0002_img0008582_wpov.png,move_top,data\chessred2k_rect_pov\real_top_pov\g78_m0002_img0008582_wpov.png
data\chessred2k_rect_pov\real_ok\g78_m0004_img0008584_wpov.png,keep,
data\chessred2k_rect_pov\real_ok\g78_m0007_img0008587_wpov.png,keep,
data\chessred2k_rect_pov\real_ok\g78_m0008_img0008588_wpov.png,move_top,data\chessred2k_rect_pov\real_top_pov\g78_m0008_img0008588_wpov.png
data\chessred2k_rect_pov\real_ok\g78_m0009_img0008589_wpov.png,keep,
data\chessred2k_rect_pov\real_ok\g78_m0010_img0008590_wpov.png,keep,
data\chessred2k_rect_pov\real_ok\g78_m0011_img0008591_wpov.png,move_top,data\chessred2k_rect_pov\real_top_pov\g78_m0011_img0008591_wpov.png
data\chessred2k_rect_pov\real_ok\g78_m0014_img0008594_wpov.png,keep,
data\chessred2k_rect_pov\real_ok\g78_m0016_img0008596_wpov.png,keep,
data\chessred2k_rect_pov\real_ok\g78_m0018_img0008598_wpov.png,keep,
data\chessred2k_rect_pov\real_ok\g78_m0020_img0008600_wpov.png,keep,
data\chessred2k_rect_pov\real_ok\g78_m0022_img0008602_wpov.png,keep,
data\chessred2k_rect_pov\real_ok\g78_m0023_img0008603_wpov.png,move_top,data\chessred2k_rect_pov\real_top_pov\g78_m0023_img0008603_wpov.png
data\chessred2k_rect_pov\real_ok\g78_m0026_img0008606_wpov.png,keep,
data\chessred2k_rect_pov\real_ok\g78_m0028_img0008608_wpov.png,keep,
data\chessred2k_rect_pov\real_ok\g78_m0030_img0008610_wpov.png,move_top,data\chessred2k_rect_pov\real_top_pov\g78_m0030_img0008610_wpov.png
data\chessred2k_rect_pov\real_ok\g78_m0031_img0008611_wpov.png,keep,
data\chessred2k_rect_pov\real_ok\g78_m0033_img0008613_wpov.png,keep,
data\chessred2k_rect_pov\real_ok\g78_m0034_img0008614_wpov.png,keep,
data\chessred2k_rect_pov\real_ok\g78_m0035_img0008615_wpov.png,keep,
data\chessred2k_rect_pov\real_ok\g78_m0036_img0008616_wpov.png,keep,
data\chessred2k_rect_pov\real_ok\g78_m0044_img0008624_wpov.png,keep,
data\chessred2k_rect_pov\real_ok\g78_m0046_img0008626_wpov.png,keep,
data\chessred2k_rect_pov\real_ok\g78_m0047_img0008627_wpov.png,move_top,data\chessred2k_rect_pov\real_top_pov\g78_m0047_img0008627_wpov.png
data\chessred2k_rect_pov\real_ok\g78_m0049_img0008629_wpov.png,move_top,data\chessred2k_rect_pov\real_top_pov\g78_m0049_img0008629_wpov.png
data\chessred2k_rect_pov\real_ok\g78_m0050_img0008630_wpov.png,keep,
data\chessred2k_rect_pov\real_ok\g78_m0051_img0008631_wpov.png,keep,
data\chessred2k_rect_pov\real_ok\g78_m0052_img0008632_wpov.png,keep,
data\chessred2k_rect_pov\real_ok\g78_m0053_img0008633_wpov.png,keep,
data\chessred2k_rect_pov\real_ok\g78_m0054_img0008634_wpov.png,keep,
data\chessred2k_rect_pov\real_ok\g78_m0058_img0008638_wpov.png,keep,
data\chessred2k_rect_pov\real_ok\g78_m0059_img0008639_wpov.png,keep,
data\chessred2k_rect_pov\real_ok\g78_m0060_img0008640_wpov.png,keep,
data\chessred2k_rect_pov\real_ok\g78_m0061_img0008641_wpov.png,move_top,data\chessred2k_rect_pov\real_top_pov\g78_m0061_img0008641_wpov.png
data\chessred2k_rect_pov\real_ok\g78_m0067_img0008647_wpov.png,keep,
data\chessred2k_rect_pov\real_ok\g78_m0069_img0008649_wpov.png,keep,
data\chessred2k_rect_pov\real_ok\g78_m0073_img0008653_wpov.png,keep,
data\chessred2k_rect_pov\real_ok\g78_m0074_img0008654_wpov.png,move_top,data\chessred2k_rect_pov\real_top_pov\g78_m0074_img0008654_wpov.png
data\chessred2k_rect_pov\real_ok\g78_m0075_img0008655_wpov.png,keep,
data\chessred2k_rect_pov\real_ok\g78_m0076_img0008656_wpov.png,keep,
data\chessred2k_rect_pov\real_ok\g78_m0080_img0008660_wpov.png,keep,
data\chessred2k_rect_pov\real_ok\g78_m0082_img0008662_wpov.png,keep,
data\chessred2k_rect_pov\real_ok\g78_m0083_img0008663_wpov.png,keep,
data\chessred2k_rect_pov\real_ok\g78_m0086_img0008666_wpov.png,keep,
data\chessred2k_rect_pov\real_ok\g78_m0087_img0008667_wpov.png,keep,
data\chessred2k_rect_pov\real_ok\g78_m0088_img0008668_wpov.png,move_top,data\chessred2k_rect_pov\real_top_pov\g78_m0088_img0008668_wpov.png
data\chessred2k_rect_pov\real_ok\g78_m0089_img0008669_wpov.png,move_top,data\chessred2k_rect_pov\real_top_pov\g78_m0089_img0008669_wpov.png
data\chessred2k_rect_pov\real_ok\g78_m0090_img0008670_wpov.png,keep,
data\chessred2k_rect_pov\real_ok\g78_m0091_img0008671_wpov.png,keep,
data\chessred2k_rect_pov\real_ok\g78_m0095_img0008675_wpov.png,keep,
data\chessred2k_rect_pov\real_ok\g78_m0096_img0008676_wpov.png,keep,
data\chessred2k_rect_pov\real_ok\g78_m0097_img0008677_wpov.png,keep,
data\chessred2k_rect_pov\real_ok\g78_m0101_img0008681_wpov.png,keep,
data\chessred2k_rect_pov\real_ok\g83_m0008_img0009096_bpov.png,move_top,data\chessred2k_rect_pov\real_top_pov\g83_m0008_img0009096_bpov.png
data\chessred2k_rect_pov\real_ok\g83_m0010_img0009098_bpov.png,keep,
data\chessred2k_rect_pov\real_ok\g83_m0011_img0009099_bpov.png,move_top,data\chessred2k_rect_pov\real_top_pov\g83_m0011_img0009099_bpov.png
data\chessred2k_rect_pov\real_ok\g83_m0013_img0009101_bpov.png,keep,
data\chessred2k_rect_pov\real_ok\g83_m0014_img0009102_bpov.png,move_top,data\chessred2k_rect_pov\real_top_pov\g83_m0014_img0009102_bpov.png
data\chessred2k_rect_pov\real_ok\g83_m0024_img0009112_bpov.png,keep,
data\chessred2k_rect_pov\real_ok\g83_m0026_img0009114_bpov.png,keep,
data\chessred2k_rect_pov\real_ok\g83_m0027_img0009115_bpov.png,keep,
data\chessred2k_rect_pov\real_ok\g83_m0029_img0009117_bpov.png,keep,
data\chessred2k_rect_pov\real_ok\g83_m0031_img0009119_bpov.png,keep,
data\chessred2k_rect_pov\real_ok\g83_m0032_img0009120_bpov.png,keep,
data\chessred2k_rect_pov\real_ok\g83_m0034_img0009122_bpov.png,keep,
data\chessred2k_rect_pov\real_ok\g83_m0035_img0009123_bpov.png,keep,
data\chessred2k_rect_pov\real_ok\g83_m0036_img0009124_bpov.png,keep,
data\chessred2k_rect_pov\real_ok\g83_m0038_img0009126_bpov.png,keep,
data\chessred2k_rect_pov\real_ok\g83_m0044_img0009132_bpov.png,keep,
data\chessred2k_rect_pov\real_ok\g83_m0045_img0009133_bpov.png,keep,
data\chessred2k_rect_pov\real_ok\g83_m0046_img0009134_bpov.png,keep,
data\chessred2k_rect_pov\real_ok\g83_m0048_img0009136_bpov.png,keep,
data\chessred2k_rect_pov\real_ok\g83_m0049_img0009137_bpov.png,keep,
data\chessred2k_rect_pov\real_ok\g83_m0050_img0009138_bpov.png,keep,
data\chessred2k_rect_pov\real_ok\g83_m0051_img0009139_bpov.png,move_top,data\chessred2k_rect_pov\real_top_pov\g83_m0051_img0009139_bpov.png
data\chessred2k_rect_pov\real_ok\g83_m0052_img0009140_bpov.png,move_top,data\chessred2k_rect_pov\real_top_pov\g83_m0052_img0009140_bpov.png
data\chessred2k_rect_pov\real_ok\g83_m0055_img0009143_bpov.png,keep,
data\chessred2k_rect_pov\real_ok\g83_m0056_img0009144_bpov.png,keep,
data\chessred2k_rect_pov\real_ok\g83_m0059_img0009147_bpov.png,keep,
data\chessred2k_rect_pov\real_ok\g83_m0060_img0009148_bpov.png,keep,
data\chessred2k_rect_pov\real_ok\g83_m0064_img0009152_bpov.png,keep,
data\chessred2k_rect_pov\real_ok\g83_m0066_img0009154_bpov.png,keep,
data\chessred2k_rect_pov\real_ok\g83_m0067_img0009155_bpov.png,keep,
data\chessred2k_rect_pov\real_ok\g83_m0068_img0009156_bpov.png,keep,
data\chessred2k_rect_pov\real_ok\g83_m0069_img0009157_bpov.png,keep,
data\chessred2k_rect_pov\real_ok\g83_m0070_img0009158_bpov.png,keep,
data\chessred2k_rect_pov\real_ok\g83_m0073_img0009161_bpov.png,keep,
data\chessred2k_rect_pov\real_ok\g83_m0075_img0009163_bpov.png,keep,
data\chessred2k_rect_pov\real_ok\g83_m0078_img0009166_bpov.png,keep,
data\chessred2k_rect_pov\real_ok\g83_m0079_img0009167_bpov.png,keep,
data\chessred2k_rect_pov\real_ok\g83_m0080_img0009168_bpov.png,keep,
data\chessred2k_rect_pov\real_ok\g83_m0081_img0009169_bpov.png,keep,
data\chessred2k_rect_pov\real_ok\g83_m0083_img0009171_bpov.png,keep,
data\chessred2k_rect_pov\real_ok\g83_m0084_img0009172_bpov.png,keep,
data\chessred2k_rect_pov\real_ok\g83_m0095_img0009183_bpov.png,keep,
data\chessred2k_rect_pov\real_ok\g83_m0098_img0009186_bpov.png,keep,
data\chessred2k_rect_pov\real_ok\g87_m0000_img0009479_bpov.png,move_top,data\chessred2k_rect_pov\real_top_pov\g87_m0000_img0009479_bpov.png
data\chessred2k_rect_pov\real_ok\g87_m0001_img0009480_bpov.png,move_top,data\chessred2k_rect_pov\real_top_pov\g87_m0001_img0009480_bpov.png
data\chessred2k_rect_pov\real_ok\g87_m0003_img0009482_bpov.png,keep,
data\chessred2k_rect_pov\real_ok\g87_m0004_img0009483_bpov.png,move_top,data\chessred2k_rect_pov\real_top_pov\g87_m0004_img0009483_bpov.png
data\chessred2k_rect_pov\real_ok\g87_m0005_img0009484_bpov.png,keep,
data\chessred2k_rect_pov\real_ok\g87_m0006_img0009485_bpov.png,keep,
data\chessred2k_rect_pov\real_ok\g87_m0007_img0009486_bpov.png,keep,
data\chessred2k_rect_pov\real_ok\g87_m0009_img0009488_bpov.png,keep,
data\chessred2k_rect_pov\real_ok\g87_m0010_img0009489_bpov.png,keep,
data\chessred2k_rect_pov\real_ok\g87_m0011_img0009490_bpov.png,move_top,data\chessred2k_rect_pov\real_top_pov\g87_m0011_img0009490_bpov.png
data\chessred2k_rect_pov\real_ok\g87_m0015_img0009494_bpov.png,keep,
data\chessred2k_rect_pov\real_ok\g87_m0018_img0009497_bpov.png,keep,
data\chessred2k_rect_pov\real_ok\g87_m0019_img0009498_bpov.png,keep,
data\chessred2k_rect_pov\real_ok\g87_m0020_img0009499_bpov.png,keep,
data\chessred2k_rect_pov\real_ok\g87_m0021_img0009500_bpov.png,keep,
data\chessred2k_rect_pov\real_ok\g87_m0023_img0009502_bpov.png,move_top,data\chessred2k_rect_pov\real_top_pov\g87_m0023_img0009502_bpov.png
data\chessred2k_rect_pov\real_ok\g87_m0024_img0009503_bpov.png,keep,
data\chessred2k_rect_pov\real_ok\g87_m0025_img0009504_bpov.png,keep,
data\chessred2k_rect_pov\real_ok\g87_m0026_img0009505_bpov.png,move_top,data\chessred2k_rect_pov\real_top_pov\g87_m0026_img0009505_bpov.png
data\chessred2k_rect_pov\real_ok\g87_m0027_img0009506_bpov.png,keep,
data\chessred2k_rect_pov\real_ok\g87_m0028_img0009507_bpov.png,keep,
data\chessred2k_rect_pov\real_ok\g87_m0029_img0009508_bpov.png,keep,
data\chessred2k_rect_pov\real_ok\g87_m0031_img0009510_bpov.png,keep,
data\chessred2k_rect_pov\real_ok\g87_m0032_img0009511_bpov.png,keep,
data\chessred2k_rect_pov\real_ok\g87_m0033_img0009512_bpov.png,keep,
data\chessred2k_rect_pov\real_ok\g87_m0034_img0009513_bpov.png,keep,
data\chessred2k_rect_pov\real_ok\g87_m0035_img0009514_bpov.png,keep,
data\chessred2k_rect_pov\real_ok\g87_m0037_img0009516_bpov.png,keep,
data\chessred2k_rect_pov\real_ok\g87_m0038_img0009517_bpov.png,move_top,data\chessred2k_rect_pov\real_top_pov\g87_m0038_img0009517_bpov.png
data\chessred2k_rect_pov\real_ok\g87_m0040_img0009519_bpov.png,move_top,data\chessred2k_rect_pov\real_top_pov\g87_m0040_img0009519_bpov.png
data\chessred2k_rect_pov\real_ok\g87_m0041_img0009520_bpov.png,keep,
data\chessred2k_rect_pov\real_ok\g87_m0042_img0009521_bpov.png,keep,
data\chessred2k_rect_pov\real_ok\g87_m0043_img0009522_bpov.png,keep,
data\chessred2k_rect_pov\real_ok\g87_m0047_img0009526_bpov.png,keep,
data\chessred2k_rect_pov\real_ok\g87_m0049_img0009528_bpov.png,keep,
data\chessred2k_rect_pov\real_ok\g87_m0050_img0009529_bpov.png,keep,
data\chessred2k_rect_pov\real_ok\g87_m0052_img0009531_bpov.png,keep,
data\chessred2k_rect_pov\real_ok\g87_m0053_img0009532_bpov.png,keep,
data\chessred2k_rect_pov\real_ok\g87_m0057_img0009536_bpov.png,keep,
data\chessred2k_rect_pov\real_ok\g87_m0058_img0009537_bpov.png,keep,
data\chessred2k_rect_pov\real_ok\g87_m0059_img0009538_bpov.png,keep,
data\chessred2k_rect_pov\real_ok\g87_m0061_img0009540_bpov.png,move_top,data\chessred2k_rect_pov\real_top_pov\g87_m0061_img0009540_bpov.png
data\chessred2k_rect_pov\real_ok\g87_m0066_img0009545_bpov.png,move_top,data\chessred2k_rect_pov\real_top_pov\g87_m0066_img0009545_bpov.png
data\chessred2k_rect_pov\real_ok\g87_m0067_img0009546_bpov.png,keep,
data\chessred2k_rect_pov\real_ok\g87_m0068_img0009547_bpov.png,keep,
data\chessred2k_rect_pov\real_ok\g87_m0070_img0009549_bpov.png,keep,
data\chessred2k_rect_pov\real_ok\g87_m0071_img0009550_bpov.png,keep,
data\chessred2k_rect_pov\real_ok\g87_m0072_img0009551_bpov.png,keep,
data\chessred2k_rect_pov\real_ok\g87_m0074_img0009553_bpov.png,keep,
data\chessred2k_rect_pov\real_ok\g87_m0075_img0009554_bpov.png,keep,
data\chessred2k_rect_pov\real_ok\g87_m0076_img0009555_bpov.png,keep,
data\chessred2k_rect_pov\real_ok\g87_m0077_img0009556_bpov.png,keep,
data\chessred2k_rect_pov\real_ok\g87_m0078_img0009557_bpov.png,keep,
data\chessred2k_rect_pov\real_ok\g87_m0080_img0009559_bpov.png,keep,
data\chessred2k_rect_pov\real_ok\g87_m0081_img0009560_bpov.png,keep,
data\chessred2k_rect_pov\real_ok\g87_m0083_img0009562_bpov.png,keep,
data\chessred2k_rect_pov\real_ok\g87_m0084_img0009563_bpov.png,keep,
data\chessred2k_rect_pov\real_ok\g87_m0085_img0009564_bpov.png,keep,
data\chessred2k_rect_pov\real_ok\g87_m0086_img0009565_bpov.png,keep,
data\chessred2k_rect_pov\real_ok\g87_m0087_img0009566_bpov.png,keep,
data\chessred2k_rect_pov\real_ok\g87_m0088_img0009567_bpov.png,keep,
data\chessred2k_rect_pov\real_ok\g87_m0090_img0009569_bpov.png,keep,
data\chessred2k_rect_pov\real_ok\g87_m0092_img0009571_bpov.png,keep,
data\chessred2k_rect_pov\real_ok\g87_m0096_img0009575_bpov.png,keep,
data\chessred2k_rect_pov\real_ok\g87_m0097_img0009576_bpov.png,keep,
data\chessred2k_rect_pov\real_ok\g87_m0098_img0009577_bpov.png,keep,
data\chessred2k_rect_pov\real_ok\g87_m0100_img0009579_bpov.png,move_top,data\chessred2k_rect_pov\real_top_pov\g87_m0100_img0009579_bpov.png
data\chessred2k_rect_pov\real_ok\g91_m0000_img0009887_bpov.png,move_top,data\chessred2k_rect_pov\real_top_pov\g91_m0000_img0009887_bpov.png
data\chessred2k_rect_pov\real_ok\g91_m0001_img0009888_bpov.png,keep,
data\chessred2k_rect_pov\real_ok\g91_m0002_img0009889_bpov.png,keep,
data\chessred2k_rect_pov\real_ok\g91_m0003_img0009890_bpov.png,keep,
data\chessred2k_rect_pov\real_ok\g91_m0004_img0009891_bpov.png,keep,
data\chessred2k_rect_pov\real_ok\g91_m0005_img0009892_bpov.png,keep,
data\chessred2k_rect_pov\real_ok\g91_m0006_img0009893_bpov.png,keep,
data\chessred2k_rect_pov\real_ok\g91_m0007_img0009894_bpov.png,move_top,data\chessred2k_rect_pov\real_top_pov\g91_m0007_img0009894_bpov.png
data\chessred2k_rect_pov\real_ok\g91_m0008_img0009895_bpov.png,keep,
data\chessred2k_rect_pov\real_ok\g91_m0009_img0009896_bpov.png,keep,
data\chessred2k_rect_pov\real_ok\g91_m0011_img0009898_bpov.png,keep,
data\chessred2k_rect_pov\real_ok\g91_m0012_img0009899_bpov.png,keep,
data\chessred2k_rect_pov\real_ok\g91_m0013_img0009900_bpov.png,keep,
data\chessred2k_rect_pov\real_ok\g91_m0014_img0009901_bpov.png,move_top,data\chessred2k_rect_pov\real_top_pov\g91_m0014_img0009901_bpov.png
data\chessred2k_rect_pov\real_ok\g91_m0016_img0009903_bpov.png,keep,
data\chessred2k_rect_pov\real_ok\g91_m0018_img0009905_bpov.png,keep,
data\chessred2k_rect_pov\real_ok\g91_m0021_img0009908_bpov.png,move_top,data\chessred2k_rect_pov\real_top_pov\g91_m0021_img0009908_bpov.png
data\chessred2k_rect_pov\real_ok\g91_m0022_img0009909_bpov.png,keep,
data\chessred2k_rect_pov\real_ok\g91_m0025_img0009912_bpov.png,keep,
data\chessred2k_rect_pov\real_ok\g91_m0026_img0009913_bpov.png,keep,
data\chessred2k_rect_pov\real_ok\g91_m0028_img0009915_bpov.png,keep,
data\chessred2k_rect_pov\real_ok\g91_m0030_img0009917_bpov.png,keep,
data\chessred2k_rect_pov\real_ok\g91_m0031_img0009918_bpov.png,keep,
data\chessred2k_rect_pov\real_ok\g91_m0032_img0009919_bpov.png,keep,
data\chessred2k_rect_pov\real_ok\g91_m0033_img0009920_bpov.png,move_top,data\chessred2k_rect_pov\real_top_pov\g91_m0033_img0009920_bpov.png
data\chessred2k_rect_pov\real_ok\g91_m0035_img0009922_bpov.png,keep,
data\chessred2k_rect_pov\real_ok\g91_m0037_img0009924_bpov.png,keep,
data\chessred2k_rect_pov\real_ok\g91_m0038_img0009925_bpov.png,keep,
data\chessred2k_rect_pov\real_ok\g91_m0040_img0009927_bpov.png,keep,
data\chessred2k_rect_pov\real_ok\g91_m0041_img0009928_bpov.png,keep,
data\chessred2k_rect_pov\real_ok\g91_m0042_img0009929_bpov.png,keep,
data\chessred2k_rect_pov\real_ok\g91_m0043_img0009930_bpov.png,keep,
data\chessred2k_rect_pov\real_ok\g91_m0044_img0009931_bpov.png,keep,
data\chessred2k_rect_pov\real_ok\g91_m0046_img0009933_bpov.png,keep,
data\chessred2k_rect_pov\real_ok\g91_m0047_img0009934_bpov.png,keep,
data\chessred2k_rect_pov\real_ok\g91_m0049_img0009936_bpov.png,keep,
data\chessred2k_rect_pov\real_ok\g91_m0050_img0009937_bpov.png,keep,
data\chessred2k_rect_pov\real_ok\g91_m0051_img0009938_bpov.png,move_top,data\chessred2k_rect_pov\real_top_pov\g91_m0051_img0009938_bpov.png
data\chessred2k_rect_pov\real_ok\g91_m0053_img0009940_bpov.png,keep,
data\chessred2k_rect_pov\real_ok\g91_m0054_img0009941_bpov.png,keep,
data\chessred2k_rect_pov\real_ok\g91_m0056_img0009943_bpov.png,keep,
data\chessred2k_rect_pov\real_ok\g91_m0058_img0009945_bpov.png,keep,
data\chessred2k_rect_pov\real_ok\g91_m0059_img0009946_bpov.png,keep,
data\chessred2k_rect_pov\real_ok\g91_m0060_img0009947_bpov.png,keep,
data\chessred2k_rect_pov\real_ok\g91_m0061_img0009948_bpov.png,keep,
data\chessred2k_rect_pov\real_ok\g91_m0062_img0009949_bpov.png,keep,
data\chessred2k_rect_pov\real_ok\g91_m0064_img0009951_bpov.png,keep,
data\chessred2k_rect_pov\real_ok\g91_m0065_img0009952_bpov.png,keep,
data\chessred2k_rect_pov\real_ok\g91_m0066_img0009953_bpov.png,keep,
data\chessred2k_rect_pov\real_ok\g91_m0069_img0009956_bpov.png,keep,
data\chessred2k_rect_pov\real_ok\g91_m0070_img0009957_bpov.png,keep,
data\chessred2k_rect_pov\real_ok\g91_m0072_img0009959_bpov.png,keep,
data\chessred2k_rect_pov\real_ok\g91_m0074_img0009961_bpov.png,keep,
data\chessred2k_rect_pov\real_ok\g91_m0078_img0009965_bpov.png,keep,
data\chessred2k_rect_pov\real_ok\g91_m0081_img0009968_bpov.png,keep,
data\chessred2k_rect_pov\real_ok\g91_m0083_img0009970_bpov.png,keep,
data\chessred2k_rect_pov\real_ok\g91_m0085_img0009972_bpov.png,keep,
data\chessred2k_rect_pov\real_ok\g91_m0087_img0009974_bpov.png,keep,
data\chessred2k_rect_pov\real_ok\g91_m0089_img0009976_bpov.png,keep,
data\chessred2k_rect_pov\real_ok\g91_m0090_img0009977_bpov.png,keep,
data\chessred2k_rect_pov\real_ok\g91_m0091_img0009978_bpov.png,keep,
data\chessred2k_rect_pov\real_ok\g91_m0092_img0009979_bpov.png,move_top,data\chessred2k_rect_pov\real_top_pov\g91_m0092_img0009979_bpov.png
data\chessred2k_rect_pov\real_ok\g91_m0094_img0009981_bpov.png,keep,
data\chessred2k_rect_pov\real_ok\g91_m0095_img0009982_bpov.png,keep,
data\chessred2k_rect_pov\real_ok\g91_m0096_img0009983_bpov.png,keep,
data\chessred2k_rect_pov\real_ok\g91_m0097_img0009984_bpov.png,keep,
data\chessred2k_rect_pov\real_ok\g91_m0098_img0009985_bpov.png,keep,
data\chessred2k_rect_pov\real_ok\g91_m0100_img0009987_bpov.png,keep,
data\chessred2k_rect_pov\real_ok\g91_m0101_img0009988_bpov.png,keep,
data\chessred2k_rect_pov\real_ok\g91_m0102_img0009989_bpov.png,move_top,data\chessred2k_rect_pov\real_top_pov\g91_m0102_img0009989_bpov.png
data\chessred2k_rect_pov\real_ok\g99_m0000_img0010700_bpov.png,keep,
data\chessred2k_rect_pov\real_ok\g99_m0002_img0010702_bpov.png,keep,
data\chessred2k_rect_pov\real_ok\g99_m0006_img0010706_bpov.png,keep,
data\chessred2k_rect_pov\real_ok\g99_m0007_img0010707_bpov.png,keep,
data\chessred2k_rect_pov\real_ok\g99_m0009_img0010709_bpov.png,keep,
data\chessred2k_rect_pov\real_ok\g99_m0010_img0010710_bpov.png,keep,
data\chessred2k_rect_pov\real_ok\g99_m0012_img0010712_bpov.png,keep,
data\chessred2k_rect_pov\real_ok\g99_m0013_img0010713_bpov.png,keep,
data\chessred2k_rect_pov\real_ok\g99_m0014_img0010714_bpov.png,keep,
data\chessred2k_rect_pov\real_ok\g99_m0015_img0010715_bpov.png,keep,
data\chessred2k_rect_pov\real_ok\g99_m0016_img0010716_bpov.png,keep,
data\chessred2k_rect_pov\real_ok\g99_m0019_img0010719_bpov.png,keep,
data\chessred2k_rect_pov\real_ok\g99_m0020_img0010720_bpov.png,move_top,data\chessred2k_rect_pov\real_top_pov\g99_m0020_img0010720_bpov.png
data\chessred2k_rect_pov\real_ok\g99_m0021_img0010721_bpov.png,keep,
data\chessred2k_rect_pov\real_ok\g99_m0022_img0010722_bpov.png,keep,
data\chessred2k_rect_pov\real_ok\g99_m0024_img0010724_bpov.png,keep,
data\chessred2k_rect_pov\real_ok\g99_m0025_img0010725_bpov.png,keep,
data\chessred2k_rect_pov\real_ok\g99_m0026_img0010726_bpov.png,keep,
data\chessred2k_rect_pov\real_ok\g99_m0028_img0010728_bpov.png,move_top,data\chessred2k_rect_pov\real_top_pov\g99_m0028_img0010728_bpov.png
data\chessred2k_rect_pov\real_ok\g99_m0029_img0010729_bpov.png,keep,
data\chessred2k_rect_pov\real_ok\g99_m0030_img0010730_bpov.png,keep,
data\chessred2k_rect_pov\real_ok\g99_m0031_img0010731_bpov.png,move_top,data\chessred2k_rect_pov\real_top_pov\g99_m0031_img0010731_bpov.png
data\chessred2k_rect_pov\real_ok\g99_m0032_img0010732_bpov.png,move_top,data\chessred2k_rect_pov\real_top_pov\g99_m0032_img0010732_bpov.png
data\chessred2k_rect_pov\real_ok\g99_m0034_img0010734_bpov.png,move_top,data\chessred2k_rect_pov\real_top_pov\g99_m0034_img0010734_bpov.png
data\chessred2k_rect_pov\real_ok\g99_m0036_img0010736_bpov.png,move_top,data\chessred2k_rect_pov\real_top_pov\g99_m0036_img0010736_bpov.png
data\chessred2k_rect_pov\real_ok\g99_m0037_img0010737_bpov.png,keep,
data\chessred2k_rect_pov\real_ok\g99_m0039_img0010739_bpov.png,keep,
data\chessred2k_rect_pov\real_ok\g99_m0040_img0010740_bpov.png,move_top,data\chessred2k_rect_pov\real_top_pov\g99_m0040_img0010740_bpov.png
data\chessred2k_rect_pov\real_ok\g99_m0045_img0010745_bpov.png,keep,
data\chessred2k_rect_pov\real_ok\g99_m0046_img0010746_bpov.png,keep,
data\chessred2k_rect_pov\real_ok\g99_m0047_img0010747_bpov.png,move_top,data\chessred2k_rect_pov\real_top_pov\g99_m0047_img0010747_bpov.png
data\chessred2k_rect_pov\real_ok\g99_m0049_img0010749_bpov.png,move_top,data\chessred2k_rect_pov\real_top_pov\g99_m0049_img0010749_bpov.png
data\chessred2k_rect_pov\real_ok\g99_m0050_img0010750_bpov.png,move_top,data\chessred2k_rect_pov\real_top_pov\g99_m0050_img0010750_bpov.png
data\chessred2k_rect_pov\real_ok\g99_m0052_img0010752_bpov.png,keep,
data\chessred2k_rect_pov\real_ok\g99_m0053_img0010753_bpov.png,keep,
data\chessred2k_rect_pov\real_ok\g99_m0054_img0010754_bpov.png,keep,
data\chessred2k_rect_pov\real_ok\g99_m0055_img0010755_bpov.png,keep,
data\chessred2k_rect_pov\real_ok\g99_m0057_img0010757_bpov.png,keep,
data\chessred2k_rect_pov\real_ok\g99_m0059_img0010759_bpov.png,keep,
data\chessred2k_rect_pov\real_ok\g99_m0060_img0010760_bpov.png,keep,
data\chessred2k_rect_pov\real_ok\g99_m0061_img0010761_bpov.png,keep,
data\chessred2k_rect_pov\real_ok\g99_m0064_img0010764_bpov.png,keep,
data\chessred2k_rect_pov\real_ok\g99_m0065_img0010765_bpov.png,keep,
data\chessred2k_rect_pov\real_ok\g99_m0067_img0010767_bpov.png,keep,
data\chessred2k_rect_pov\real_ok\g99_m0068_img0010768_bpov.png,keep,
data\chessred2k_rect_pov\real_ok\g99_m0069_img0010769_bpov.png,keep,
data\chessred2k_rect_pov\real_ok\g99_m0070_img0010770_bpov.png,keep,
data\chessred2k_rect_pov\real_ok\g99_m0071_img0010771_bpov.png,keep,
data\chessred2k_rect_pov\real_ok\g99_m0073_img0010773_bpov.png,keep,
data\chessred2k_rect_pov\real_ok\g99_m0074_img0010774_bpov.png,keep,
data\chessred2k_rect_pov\real_ok\g99_m0076_img0010776_bpov.png,keep,
data\chessred2k_rect_pov\real_ok\g99_m0077_img0010777_bpov.png,move_top,data\chessred2k_rect_pov\real_top_pov\g99_m0077_img0010777_bpov.png
data\chessred2k_rect_pov\real_ok\g99_m0078_img0010778_bpov.png,keep,
data\chessred2k_rect_pov\real_ok\g99_m0079_img0010779_bpov.png,move_top,data\chessred2k_rect_pov\real_top_pov\g99_m0079_img0010779_bpov.png
data\chessred2k_rect_pov\real_ok\g99_m0080_img0010780_bpov.png,keep,
data\chessred2k_rect_pov\real_ok\g99_m0082_img0010782_bpov.png,move_top,data\chessred2k_rect_pov\real_top_pov\g99_m0082_img0010782_bpov.png
data\chessred2k_rect_pov\real_ok\g99_m0084_img0010784_bpov.png,keep,
data\chessred2k_rect_pov\real_ok\g99_m0086_img0010786_bpov.png,keep,
data\chessred2k_rect_pov\real_ok\g99_m0087_img0010787_bpov.png,keep,
data\chessred2k_rect_pov\real_ok\g99_m0088_img0010788_bpov.png,keep,
data\chessred2k_rect_pov\real_ok\g99_m0093_img0010793_bpov.png,move_top,data\chessred2k_rect_pov\real_top_pov\g99_m0093_img0010793_bpov.png
data\chessred2k_rect_pov\real_ok\g99_m0094_img0010794_bpov.png,keep,
data\chessred2k_rect_pov\real_ok\g99_m0096_img0010796_bpov.png,keep,
data\chessred2k_rect_pov\real_ok\g99_m0098_img0010798_bpov.png,keep,
data\chessred2k_rect_pov\real_ok\g99_m0099_img0010799_bpov.png,keep,
